{
	"parent": "item/generated",
	"textures": {
		"layer0": "item/barrier"
	},
	"overrides": [
		{ "predicate": { "custom_model_data":1}, "model": "item/custom/entities/villagers/archer_plains"},
		{ "predicate": { "custom_model_data":2}, "model": "item/custom/entities/villagers/archer_taiga"},
		{ "predicate": { "custom_model_data":3}, "model": "item/custom/entities/villagers/archer_desert"},
		{ "predicate": { "custom_model_data":4}, "model": "item/custom/entities/villagers/archer_savanna"},
		{ "predicate": { "custom_model_data":5}, "model": "item/custom/entities/villagers/archer_jungle"},
		{ "predicate": { "custom_model_data":6}, "model": "item/custom/entities/villagers/archer_swamp"},
		{ "predicate": { "custom_model_data":7}, "model": "item/custom/entities/villagers/archer_snow"},
		{ "predicate": { "custom_model_data":8}, "model": "item/custom/entities/villagers/hurt/archer_plains"},
		{ "predicate": { "custom_model_data":9}, "model": "item/custom/entities/villagers/hurt/archer_taiga"},
		{ "predicate": { "custom_model_data":10}, "model": "item/custom/entities/villagers/hurt/archer_desert"},
		{ "predicate": { "custom_model_data":11}, "model": "item/custom/entities/villagers/hurt/archer_savanna"},
		{ "predicate": { "custom_model_data":12}, "model": "item/custom/entities/villagers/hurt/archer_jungle"},
		{ "predicate": { "custom_model_data":13}, "model": "item/custom/entities/villagers/hurt/archer_swamp"},
		{ "predicate": { "custom_model_data":14}, "model": "item/custom/entities/villagers/hurt/archer_snow"}
	]
}